{
  "generated_at": "2026-05-06T16:47:34.943103",
  "n_trades": 5164,
  "n_days": 326,
  "max_retest_secs": 3600,
  "group_counts": {
    "C_post_break_mismatch": 734,
    "A_fresh": 3701,
    "B_post_break_aligned": 729
  },
  "group_pnl_per_day": {
    "A_fresh": {
      "T1.0x": 28.141104294478527,
      "T1.25x": 33.941717791411044,
      "T1.5x": 36.31288343558282,
      "T2.0x": 39.93251533742331
    },
    "B_post_break_aligned": {
      "T1.0x": 4.147239263803681,
      "T1.25x": 3.7423312883435584,
      "T1.5x": 4.5030674846625764,
      "T2.0x": 6.07361963190184
    },
    "C_post_break_mismatch": {
      "T1.0x": 3.374233128834356,
      "T1.25x": 5.352760736196319,
      "T1.5x": 5.269938650306749,
      "T2.0x": 4.570552147239264
    }
  }
}