{
  "generated_at": "2026-05-06T17:54:14.587574",
  "elapsed_secs": 3301.2745966911316,
  "v6_baseline_pnl_per_day": 17.87,
  "v6_baseline_max_dd": 857,
  "v6_baseline_per_quarter": {
    "Q1": 33.36,
    "Q2": 18.39,
    "Q3": 8.81,
    "Q4": 10.91
  },
  "variants": {
    "V6_baseline_rerun": {
      "name": "V6_baseline_rerun",
      "label": "V6 baseline (rerun for clean comparison)",
      "trades": 5187,
      "days": 336,
      "pnl_total": 6003.5189999998365,
      "pnl_per_day": 17.867616071428085,
      "max_dd": 856.7480000000114,
      "per_quarter_pnl_per_day": {
        "Q1": 33.36085714285565,
        "Q2": 18.38688095238154,
        "Q3": 8.81077380952471,
        "Q4": 10.911952380950446
      },
      "per_quarter_max_dd": {
        "Q1": 498.96900000007736,
        "Q2": 445.61099999997043,
        "Q3": 661.2929999999234,
        "Q4": 856.7480000000126
      },
      "recent_60d_pnl_per_day": 13.764316666664145,
      "by_level": {
        "FIB_0.236": [
          1973,
          1546,
          881.233999999883
        ],
        "FIB_0.618": [
          587,
          404,
          1409.3169999999877
        ],
        "FIB_0.764": [
          913,
          699,
          2245.0599999999235
        ],
        "IBH": [
          1090,
          888,
          1122.3999999999905
        ],
        "FIB_EXT_HI_1.272": [
          624,
          505,
          345.5080000000421
        ]
      },
      "by_outcome": {
        "win": 4015,
        "loss": 1032,
        "timeout": 140
      },
      "elapsed_secs": 806.2240369319916
    },
    "V7a_drop_FIB236_BUY": {
      "name": "V7a_drop_FIB236_BUY",
      "label": "Drop FIB_0.236 BUY (surgical)",
      "trades": 5126,
      "days": 336,
      "pnl_total": 4741.619000000038,
      "pnl_per_day": 14.111961309523922,
      "max_dd": 1548.4159999997996,
      "per_quarter_pnl_per_day": {
        "Q1": 19.318214285712788,
        "Q2": 19.077642857144525,
        "Q3": 12.913892857140407,
        "Q4": 5.1380952380979075
      },
      "per_quarter_max_dd": {
        "Q1": 455.07799999997974,
        "Q2": 331.93899999999303,
        "Q3": 1108.6189999998924,
        "Q4": 800.1200000000034
      },
      "recent_60d_pnl_per_day": 14.019116666669223,
      "by_level": {
        "FIB_0.236": [
          1938,
          1497,
          -423.1299999999004
        ],
        "FIB_0.618": [
          586,
          403,
          1393.8329999999785
        ],
        "FIB_0.764": [
          907,
          695,
          2249.583999999921
        ],
        "IBH": [
          1080,
          882,
          1231.2999999999909
        ],
        "FIB_EXT_HI_1.272": [
          615,
          497,
          290.0320000000364
        ]
      },
      "by_outcome": {
        "loss": 1032,
        "win": 3949,
        "timeout": 145
      },
      "elapsed_secs": 801.6241991519928
    },
    "V7b_drop_3_combos": {
      "name": "V7b_drop_3_combos",
      "label": "Drop FIB_EXT_HI SELL + FIB_0.236 BUY + FIB_0.764 SELL",
      "trades": 5088,
      "days": 336,
      "pnl_total": 3694.605000000044,
      "pnl_per_day": 10.995848214285846,
      "max_dd": 1556.2219999999284,
      "per_quarter_pnl_per_day": {
        "Q1": 7.619309523806793,
        "Q2": 20.691333333335717,
        "Q3": 12.293642857139838,
        "Q4": 3.379107142860965
      },
      "per_quarter_max_dd": {
        "Q1": 558.8249999999795,
        "Q2": 578.3180000000239,
        "Q3": 1186.0769999999939,
        "Q4": 824.6320000000143
      },
      "recent_60d_pnl_per_day": 8.792233333337466,
      "by_level": {
        "FIB_0.236": [
          1944,
          1505,
          -210.48799999992505
        ],
        "FIB_0.618": [
          584,
          403,
          1449.8789999999847
        ],
        "FIB_0.764": [
          887,
          670,
          1492.6140000000287
        ],
        "IBH": [
          1069,
          870,
          1069.939999999991
        ],
        "FIB_EXT_HI_1.272": [
          604,
          481,
          -107.34000000007157
        ]
      },
      "by_outcome": {
        "loss": 1039,
        "win": 3901,
        "timeout": 148
      },
      "elapsed_secs": 780.0293707847595
    },
    "V11_reduce_FIB236_IBH_caps": {
      "name": "V11_reduce_FIB236_IBH_caps",
      "label": "Reduce FIB_0.236 cap 18\u219210, IBH cap 7\u21924",
      "trades": 4306,
      "days": 336,
      "pnl_total": 4837.2849999998925,
      "pnl_per_day": 14.396681547618728,
      "max_dd": 943.6319999998773,
      "per_quarter_pnl_per_day": {
        "Q1": 25.725309523807947,
        "Q2": 16.562833333333817,
        "Q3": 9.24905952381028,
        "Q4": 6.049523809522743
      },
      "per_quarter_max_dd": {
        "Q1": 713.0350000000858,
        "Q2": 317.3459999999916,
        "Q3": 620.8029999999167,
        "Q4": 790.5040000000186
      },
      "recent_60d_pnl_per_day": 8.87798333333151,
      "by_level": {
        "FIB_0.236": [
          1474,
          1151,
          230.34399999992888
        ],
        "FIB_0.618": [
          588,
          405,
          1435.1889999999814
        ],
        "FIB_0.764": [
          913,
          699,
          2244.9679999999266
        ],
        "IBH": [
          706,
          572,
          627.5599999999956
        ],
        "FIB_EXT_HI_1.272": [
          625,
          505,
          299.22400000004814
        ]
      },
      "by_outcome": {
        "win": 3305,
        "loss": 885,
        "timeout": 116
      },
      "elapsed_secs": 774.7329640388489
    },
    "V13_drop_FIB236": {
      "name": "V13_drop_FIB236",
      "label": "Drop FIB_0.236 entirely (worst recent-60d level)",
      "trades": 3228,
      "days": 336,
      "pnl_total": 5252.396999999953,
      "pnl_per_day": 15.632133928571287,
      "max_dd": 667.0180000000009,
      "per_quarter_pnl_per_day": {
        "Q1": 27.600571428570667,
        "Q2": 14.494976190476901,
        "Q3": 8.252821428572181,
        "Q4": 12.180166666665352
      },
      "per_quarter_max_dd": {
        "Q1": 473.95100000001185,
        "Q2": 307.7089999999977,
        "Q3": 503.78899999997384,
        "Q4": 667.0179999999996
      },
      "recent_60d_pnl_per_day": 14.664283333331952,
      "by_level": {
        "FIB_0.618": [
          589,
          405,
          1391.4009999999862
        ],
        "FIB_0.764": [
          917,
          703,
          2312.5079999999434
        ],
        "IBH": [
          1098,
          896,
          1202.9799999999905
        ],
        "FIB_EXT_HI_1.272": [
          624,
          505,
          345.5080000000421
        ]
      },
      "by_outcome": {
        "win": 2486,
        "loss": 650,
        "timeout": 92
      },
      "elapsed_secs": 748.8761689662933
    },
    "V14_drop_IBH": {
      "name": "V14_drop_IBH",
      "label": "Drop IBH entirely (Q4 -$3.13/day, recent 60d -$1.03/day)",
      "trades": 5177,
      "days": 336,
      "pnl_total": 4848.244999999827,
      "pnl_per_day": 14.429300595237581,
      "max_dd": 829.0320000000138,
      "per_quarter_pnl_per_day": {
        "Q1": 28.63197619047468,
        "Q2": 13.717595238095802,
        "Q3": 4.794297619048406,
        "Q4": 10.57333333333138
      },
      "per_quarter_max_dd": {
        "Q1": 471.46900000007736,
        "Q2": 468.5709999999706,
        "Q3": 608.0529999999385,
        "Q4": 829.0320000000145
      },
      "recent_60d_pnl_per_day": 13.061249999997449,
      "by_level": {
        "FIB_0.236": [
          1965,
          1539,
          790.80399999987
        ],
        "FIB_0.618": [
          583,
          403,
          1512.7769999999878
        ],
        "FIB_0.764": [
          906,
          695,
          2337.7719999999267
        ],
        "IBH": [
          1103,
          869,
          -153.720000000006
        ],
        "FIB_EXT_HI_1.272": [
          620,
          502,
          360.6120000000424
        ]
      },