{
  "generated_at": "2026-05-06T18:36:49.150592",
  "elapsed_secs": 2461.116444826126,
  "v6_baseline": {
    "pnl_per_day": 17.87,
    "max_dd": 857,
    "recent_60d": 13.76,
    "per_quarter": {
      "Q1": 33.36,
      "Q2": 18.39,
      "Q3": 8.81,
      "Q4": 10.91
    }
  },
  "variants": {
    "V19_FIB618_cap6": {
      "name": "V19_FIB618_cap6",
      "label": "FIB_0.618 cap 3\u21926 only (isolated cap expansion)",
      "trades": 5496,
      "days": 336,
      "pnl_total": 5152.722999999915,
      "pnl_per_day": 15.335485119047368,
      "max_dd": 826.1740000000282,
      "per_quarter_pnl_per_day": {
        "Q1": 27.209904761903697,
        "Q2": 16.248190476191755,
        "Q3": 8.79688095238169,
        "Q4": 9.086964285712266
      },
      "per_quarter_max_dd": {
        "Q1": 643.6240000000578,
        "Q2": 513.831999999966,
        "Q3": 671.5799999999144,
        "Q4": 826.1740000000289
      },
      "recent_60d_pnl_per_day": 8.641149999997294,
      "by_level": {
        "FIB_0.236": [
          1946,
          1525,
          871.1159999998927
        ],
        "FIB_0.618": [
          953,
          626,
          420.4169999999897
        ],
        "FIB_0.764": [
          900,
          692,
          2354.874000000009
        ],
        "IBH": [
          1080,
          879,
          1082.7999999999906
        ],
        "FIB_EXT_HI_1.272": [
          617,
          501,
          423.51600000002884
        ]
      },
      "by_outcome": {
        "win": 4194,
        "loss": 1154,
        "timeout": 148
      },
      "elapsed_secs": 788.1483910083771
    },
    "V20_FIB618_cap10": {
      "name": "V20_FIB618_cap10",
      "label": "FIB_0.618 cap 3\u219210 (aggressive isolated expansion)",
      "trades": 5721,
      "days": 336,
      "pnl_total": 5527.233999999867,
      "pnl_per_day": 16.450101190475795,
      "max_dd": 856.7309999999588,
      "per_quarter_pnl_per_day": {
        "Q1": 22.453702380950876,
        "Q2": 18.00389285714426,
        "Q3": 13.097392857143522,
        "Q4": 12.245416666664491
      },
      "per_quarter_max_dd": {
        "Q1": 846.364000000053,
        "Q2": 499.80399999997064,
        "Q3": 706.5759999999038,
        "Q4": 708.5860000000272
      },
      "recent_60d_pnl_per_day": 15.589433333330716,
      "by_level": {
        "FIB_0.236": [
          1919,
          1505,
          957.2779999998788
        ],
        "FIB_0.618": [
          1219,
          806,
          776.2559999999805
        ],
        "FIB_0.764": [
          895,
          688,
          2307.6479999999838
        ],
        "IBH": [
          1077,
          876,
          1089.519999999991
        ],
        "FIB_EXT_HI_1.272": [
          611,
          496,
          396.5320000000298
        ]
      },
      "by_outcome": {
        "win": 4340,
        "loss": 1230,
        "timeout": 151
      },
      "elapsed_secs": 785.3465967178345
    },
    "V16_drop236_cap618_6": {
      "name": "V16_drop236_cap618_6",
      "label": "Drop FIB_0.236 + FIB_0.618 cap 3\u21926",
      "trades": 3594,
      "days": 336,
      "pnl_total": 4388.466000000032,
      "pnl_per_day": 13.06091071428581,
      "max_dd": 716.8930000000205,
      "per_quarter_pnl_per_day": {
        "Q1": 21.99195238095196,
        "Q2": 12.637702380953643,
        "Q3": 7.551714285715047,
        "Q4": 10.062273809522525
      },
      "per_quarter_max_dd": {
        "Q1": 617.3479999999979,
        "Q2": 363.42100000000187,
        "Q3": 571.8019999999501,
        "Q4": 716.8930000000216
      },
      "recent_60d_pnl_per_day": 9.131049999998595,
      "by_level": {
        "FIB_0.618": [
          958,
          629,
          400.31999999999266
        ],
        "FIB_0.764": [
          912,
          702,
          2462.638000000034
        ],
        "IBH": [
          1100,
          897,
          1179.9999999999905
        ],
        "FIB_EXT_HI_1.272": [
          624,
          505,
          345.5080000000421
        ]
      },
      "by_outcome": {
        "win": 2708,
        "loss": 785,
        "timeout": 101
      },
      "elapsed_secs": 737.1750528812408
    },
    "V17_drop236_cap618_10": {
      "name": "V17_drop236_cap618_10",
      "label": "Drop FIB_0.236 + FIB_0.618 cap 3\u219210",
      "trades": 3867,
      "days": 336,
      "pnl_total": 4814.894000000009,
      "pnl_per_day": 14.330041666666695,
      "max_dd": 687.8809999999767,
      "per_quarter_pnl_per_day": {
        "Q1": 18.264678571427844,
        "Q2": 14.158535714287094,
        "Q3": 11.114678571429252,
        "Q4": 13.782273809522493
      },
      "per_quarter_max_dd": {
        "Q1": 622.7739999999935,
        "Q2": 391.4129999999743,
        "Q3": 611.7739999999425,
        "Q4": 578.1550000000204
      },
      "recent_60d_pnl_per_day": 15.59966666666535,
      "by_level": {
        "FIB_0.618": [
          1234,
          815,
          766.9219999999764
        ],
        "FIB_0.764": [
          908,
          701,
          2520.704000000037
        ],
        "IBH": [
          1101,
          897,
          1181.7599999999904
        ],
        "FIB_EXT_HI_1.272": [
          624,
          505,
          345.5080000000421
        ]
      },
      "by_outcome": {
        "win": 2890,
        "loss": 872,
        "timeout": 105
      },
      "elapsed_secs": 737.943883895874
    },
    "V18_drop236_dropIBH_cap618_6": {
      "name": "V18_drop236_dropIBH_cap618_6",
      "label": "Drop FIB_0.236 + drop IBH + FIB_0.618 cap 3\u21926",
      "trades": 3577,
      "days": 336,
      "pnl_total": 3106.5460000000376,
      "pnl_per_day": 9.245672619047731,
      "max_dd": 824.6709999999553,
      "per_quarter_pnl_per_day": {
        "Q1": 17.93028571428528,
        "Q2": 6.822821428572782,
        "Q3": 3.3597261904769775,
        "Q4": 8.86985714285583
      },
      "per_quarter_max_dd": {
        "Q1": 544.7720000000031,
        "Q2": 629.7909999999606,
        "Q3": 494.90399999995236,
        "Q4": 786.6520000000297
      },
      "recent_60d_pnl_per_day": 7.232666666665214,
      "by_level": {
        "FIB_0.618": [
          950,
          624,
          405.8059999999914
        ],
        "FIB_0.764": [
          904,
          695,
          2433.7000000000176
        ],
        "IBH": [
          1109,
          874,
          -166.66000000000548
        ],
        "FIB_EXT_HI_1.272": [
          614,
          499,
          433.7000000000579
        ]
      },
      "by_outcome": {
        "win": 2668,
        "loss": 805,
        "timeout": 104
      },
      "elapsed_secs": 723.6005721092224
    }
  }
}