{
  "generated_at": "2026-05-06T14:51:32.970996",
  "elapsed_secs": 1740.940614938736,
  "v0_baseline_pnl_per_day": 16.23,
  "v0_baseline_max_dd": 964,
  "v0_baseline_per_quarter": {
    "Q1": 29.74,
    "Q2": 18.93,
    "Q3": 6.15,
    "Q4": 10.09
  },
  "variants": {
    "S20_max_gap_1200s": {
      "name": "S20_max_gap_1200s",
      "label": "Max gap 20min (1200s)",
      "max_secs_since_last_trade": 1200,
      "trades": 2504,
      "days": 336,
      "pnl_total": 1330.3859999998397,
      "pnl_per_day": 3.9594821428566656,
      "max_dd": 1502.2989999999459,
      "per_quarter_pnl_per_day": {
        "Q1": 16.319142857141067,
        "Q2": 6.188190476190235,
        "Q3": -1.9154047619032983,
        "Q4": -4.7540000000013025
      },
      "per_quarter_max_dd": {
        "Q1": 382.3950000000327,
        "Q2": 506.95700000002887,
        "Q3": 848.9989999999254,
        "Q4": 930.2090000000567
      },
      "by_level": {
        "FIB_0.236": [
          813,
          618,
          -1344.146000000068
        ],
        "FIB_0.618": [
          375,
          260,
          1007.1059999999896
        ],
        "FIB_0.764": [
          530,
          407,
          987.0059999998773
        ],
        "IBH": [
          576,
          471,
          582.2599999999956
        ],
        "FIB_EXT_HI_1.272": [
          210,
          171,
          98.16000000003365
        ]
      },
      "by_outcome": {
        "win": 1921,
        "loss": 558,
        "timeout": 25
      },
      "elapsed_secs": 759.8144977092743
    },
    "S30_max_gap_1800s": {
      "name": "S30_max_gap_1800s",
      "label": "Max gap 30min (1800s) \u2014 Phase C signal",
      "max_secs_since_last_trade": 1800,
      "trades": 3042,
      "days": 336,
      "pnl_total": 3590.770999999883,
      "pnl_per_day": 10.686818452380603,
      "max_dd": 1062.4329999999468,
      "per_quarter_pnl_per_day": {
        "Q1": 28.129392857141305,
        "Q2": 11.476833333333461,
        "Q3": 4.262226190477555,
        "Q4": -1.121178571430058
      },
      "per_quarter_max_dd": {
        "Q1": 385.67200000007415,
        "Q2": 501.5740000000276,
        "Q3": 672.4499999999306,
        "Q4": 764.8180000000121
      },
      "by_level": {
        "FIB_0.236": [
          1032,
          801,
          -464.5220000001061
        ],
        "FIB_0.618": [
          424,
          291,
          969.6649999999994
        ],
        "FIB_0.764": [
          631,
          494,
          1908.1199999999194
        ],
        "IBH": [
          688,
          568,
          1003.3799999999942
        ],
        "FIB_EXT_HI_1.272": [
          267,
          219,
          174.12800000004015
        ]
      },
      "by_outcome": {
        "win": 2363,
        "loss": 637,
        "timeout": 42
      },
      "elapsed_secs": 763.3395471572876
    },
    "S45_max_gap_2700s": {
      "name": "S45_max_gap_2700s",
      "label": "Max gap 45min (2700s)",
      "max_secs_since_last_trade": 2700,
      "trades": 3645,
      "days": 336,
      "pnl_total": 5123.515999999824,
      "pnl_per_day": 15.248559523809,
      "max_dd": 777.572000000011,
      "per_quarter_pnl_per_day": {
        "Q1": 31.499654761902722,
        "Q2": 17.27190476190438,
        "Q3": 9.731809523810577,
        "Q4": 2.4908690476181277
      },
      "per_quarter_max_dd": {
        "Q1": 398.7620000000968,
        "Q2": 512.636000000008,
        "Q3": 512.4550000000249,
        "Q4": 777.5720000000118
      },
      "by_level": {
        "FIB_0.236": [
          1274,
          999,
          224.47599999984845
        ],
        "FIB_0.618": [
          472,
          326,
          1243.4419999999975
        ],
        "FIB_0.764": [
          733,
          568,
          2047.7779999998909
        ],
        "IBH": [
          803,
          661,
          1121.7799999999934
        ],
        "FIB_EXT_HI_1.272": [
          363,
          302,
          486.0400000000659
        ]
      },
      "by_outcome": {
        "win": 2844,
        "loss": 734,
        "timeout": 67
      },
      "elapsed_secs": 760.3533937931061
    }
  }
}